Timestamp,PerformedBy,Action,Friend Name,Status,Message
2024/10/24 18:06:46,hammadalipbt18@gmail.com,message_friend,https://www.facebook.com/syed.adeelanwar.5,Success,hello
2024/10/24 18:06:55,hammadalipbt18@gmail.com,message_friend,https://www.facebook.com/warikmohd,Success,hello
2024/10/24 18:07:02,hammadalipbt18@gmail.com,message_friend,https://www.facebook.com/mohd.hamd.902,Success,hello
2024/10/24 18:07:09,hammadalipbt18@gmail.com,message_friend,https://www.facebook.com/mukul.kashyap.355744,Success,hello
2024/10/24 18:07:12,hammadalipbt18@gmail.com,message_friend,https://www.facebook.com/syedmohammad.abair,Success,hello
2024/10/24 18:07:12,hammadalipbt18@gmail.com,message_friend,https://www.facebook.com/zakiasultana.sultana.9484,Success,hello
2024/10/24 18:07:14,hammadalipbt18@gmail.com,message_friend,https://www.facebook.com/sakshichopra.pbt,Success,hello
2024/10/24 18:07:15,hammadalipbt18@gmail.com,message_friend,https://www.facebook.com/asha.awasthi.9469,Success,hello
2024/10/24 18:07:16,hammadalipbt18@gmail.com,message_friend,https://www.facebook.com/vivek.bharti.946517,Success,hello
